"tate_urls_link","tate_urls_n_of_results"
"https://www.tate.org.uk/search?cleared=1&st=232&type=object","Showing 1–20 of 179 results"
"https://www.tate.org.uk/search?cleared=1&st=553&type=object","Showing 1–20 of 45 results"
"https://www.tate.org.uk/search?cleared=1&st=554&type=object","Showing 1–20 of 56 results"
"https://www.tate.org.uk/search?cleared=1&st=572&type=object","Showing 1–20 of 101 results"
"https://www.tate.org.uk/search?cleared=1&st=647&type=object","Showing 1–20 of 290 results"
"https://www.tate.org.uk/search?cleared=1&st=657&type=object","Showing 1–20 of 1,532 results"
"https://www.tate.org.uk/search?cleared=1&st=722&type=object","Showing 1–20 of 661 results"
"https://www.tate.org.uk/search?cleared=1&st=727&type=object","Showing 1–20 of 126 results"
"https://www.tate.org.uk/search?cleared=1&st=758&type=object","Showing 1–20 of 1,029 results"
"https://www.tate.org.uk/search?cleared=1&st=759&type=object","Showing 1–20 of 45 results"
"https://www.tate.org.uk/search?cleared=1&st=795&type=object","Showing 1–20 of 176 results"
"https://www.tate.org.uk/search?cleared=1&st=828&type=object","Showing 1–20 of 56 results"
"https://www.tate.org.uk/search?cleared=1&st=843&type=object","Showing 1–20 of 241 results"
"https://www.tate.org.uk/search?cleared=1&st=847&type=object","Showing 1–20 of 355 results"
"https://www.tate.org.uk/search?cleared=1&st=863&type=object","Showing 1–20 of 1,683 results"
"https://www.tate.org.uk/search?cleared=1&st=877&type=object","Showing 1–20 of 40 results"
"https://www.tate.org.uk/search?cleared=1&st=938&type=object","Showing 1–20 of 589 results"
"https://www.tate.org.uk/search?cleared=1&st=940&type=object","Showing 1–20 of 255 results"
"https://www.tate.org.uk/search?cleared=1&st=1042&type=object","Showing 1–20 of 47 results"
"https://www.tate.org.uk/search?cleared=1&st=1060&type=object","Showing 1–20 of 56 results"
"https://www.tate.org.uk/search?cleared=1&st=1113&type=object","Showing 1–20 of 72 results"
"https://www.tate.org.uk/search?cleared=1&st=1171&type=object","Showing 1–20 of 378 results"
"https://www.tate.org.uk/search?cleared=1&st=1306&type=object","Showing 1–20 of 154 results"
"https://www.tate.org.uk/search?cleared=1&st=1308&type=object","Showing 1–20 of 63 results"
"https://www.tate.org.uk/search?cleared=1&st=1344&type=object","Showing 1–20 of 21 results"
"https://www.tate.org.uk/search?cleared=1&st=1416&type=object","Showing 1–20 of 141 results"
"https://www.tate.org.uk/search?cleared=1&st=1560&type=object","Showing 1–20 of 45 results"
"https://www.tate.org.uk/search?cleared=1&st=1613&type=object","Showing 8 results"
"https://www.tate.org.uk/search?cleared=1&st=1627&type=object","Showing 1–20 of 36 results"
"https://www.tate.org.uk/search?cleared=1&st=1704&type=object","Showing 1–20 of 306 results"
"https://www.tate.org.uk/search?cleared=1&st=1714&type=object","Showing 1–20 of 668 results"
"https://www.tate.org.uk/search?cleared=1&st=1715&type=object","Showing 1–20 of 384 results"
"https://www.tate.org.uk/search?cleared=1&st=1755&type=object","Showing 1–20 of 275 results"
"https://www.tate.org.uk/search?cleared=1&st=1780&type=object","Showing 1–20 of 30 results"
"https://www.tate.org.uk/search?cleared=1&st=1787&type=object","Showing 1–20 of 59 results"
"https://www.tate.org.uk/search?cleared=1&st=1817&type=object","Showing 1–20 of 210 results"
"https://www.tate.org.uk/search?cleared=1&st=1966&type=object","Showing 17 results"
"https://www.tate.org.uk/search?cleared=1&st=1968&type=object","Showing 1–20 of 329 results"
"https://www.tate.org.uk/search?cleared=1&st=2205&type=object","Showing 1–20 of 69 results"
"https://www.tate.org.uk/search?cleared=1&st=2209&type=object","Showing 1–20 of 142 results"
"https://www.tate.org.uk/search?cleared=1&st=2353&type=object","Showing 1–20 of 252 results"
"https://www.tate.org.uk/search?cleared=1&st=2361&type=object","Showing 3 results"
"https://www.tate.org.uk/search?cleared=1&st=2438&type=object","Showing 1–20 of 53 results"
"https://www.tate.org.uk/search?cleared=1&st=2470&type=object","Showing 1–20 of 94 results"
"https://www.tate.org.uk/search?cleared=1&st=2497&type=object","Showing 1–20 of 82 results"
"https://www.tate.org.uk/search?cleared=1&st=2520&type=object","Showing 1–20 of 35 results"
"https://www.tate.org.uk/search?cleared=1&st=2789&type=object","Showing 1–20 of 26 results"
"https://www.tate.org.uk/search?cleared=1&st=2815&type=object","Showing 1–20 of 261 results"
"https://www.tate.org.uk/search?cleared=1&st=2928&type=object","Showing 1–20 of 93 results"
"https://www.tate.org.uk/search?cleared=1&st=2982&type=object","Showing 1–20 of 637 results"
"https://www.tate.org.uk/search?cleared=1&st=3008&type=object","Showing 1–20 of 508 results"
"https://www.tate.org.uk/search?cleared=1&st=3026&type=object","Showing 12 results"
"https://www.tate.org.uk/search?cleared=1&st=3136&type=object","Showing 1–20 of 111 results"
"https://www.tate.org.uk/search?cleared=1&st=3185&type=object","Showing 15 results"
"https://www.tate.org.uk/search?cleared=1&st=3251&type=object","Showing 1–20 of 100 results"
"https://www.tate.org.uk/search?cleared=1&st=3465&type=object","Showing 1–20 of 49 results"
"https://www.tate.org.uk/search?cleared=1&st=3527&type=object","Showing 1–20 of 1,645 results"
"https://www.tate.org.uk/search?cleared=1&st=3542&type=object","Showing 1–20 of 207 results"
"https://www.tate.org.uk/search?cleared=1&st=3545&type=object","Showing 1–20 of 307 results"
"https://www.tate.org.uk/search?cleared=1&st=3592&type=object","Showing 1–20 of 356 results"
"https://www.tate.org.uk/search?cleared=1&st=3672&type=object","Showing 1–20 of 726 results"
"https://www.tate.org.uk/search?cleared=1&st=3678&type=object","Showing 1–20 of 24 results"
"https://www.tate.org.uk/search?cleared=1&st=3847&type=object","Showing 1–20 of 25 results"
"https://www.tate.org.uk/search?cleared=1&st=3981&type=object","Showing 1–20 of 207 results"
"https://www.tate.org.uk/search?cleared=1&st=3991&type=object","Showing 1–20 of 54 results"
"https://www.tate.org.uk/search?cleared=1&st=4063&type=object","Showing 1–20 of 102 results"
"https://www.tate.org.uk/search?cleared=1&st=4067&type=object","Showing 1–20 of 24 results"
"https://www.tate.org.uk/search?cleared=1&st=4312&type=object","Showing 1–20 of 679 results"
"https://www.tate.org.uk/search?cleared=1&st=4320&type=object","Showing 12 results"
"https://www.tate.org.uk/search?cleared=1&st=4357&type=object","Showing 1–20 of 35 results"
"https://www.tate.org.uk/search?cleared=1&st=4360&type=object","Showing 1–20 of 24 results"
"https://www.tate.org.uk/search?cleared=1&st=4372&type=object","Showing 1–20 of 178 results"
"https://www.tate.org.uk/search?cleared=1&st=4384&type=object","Showing 1–20 of 1,972 results"
"https://www.tate.org.uk/search?cleared=1&st=4429&type=object","Showing 16 results"
"https://www.tate.org.uk/search?cleared=1&st=4438&type=object","Showing 1–20 of 66 results"
"https://www.tate.org.uk/search?cleared=1&st=4484&type=object","Showing 1–20 of 57 results"
"https://www.tate.org.uk/search?cleared=1&st=4771&type=object","Showing 1–20 of 1,434 results"
"https://www.tate.org.uk/search?cleared=1&st=5052&type=object","Showing 1–20 of 52 results"
"https://www.tate.org.uk/search?cleared=1&st=5147&type=object","Showing 1–20 of 30 results"
"https://www.tate.org.uk/search?cleared=1&st=5149&type=object","Showing 1–20 of 47 results"
"https://www.tate.org.uk/search?cleared=1&st=5339&type=object","Showing 1–20 of 360 results"
"https://www.tate.org.uk/search?cleared=1&st=5345&type=object","Showing 1–20 of 202 results"
"https://www.tate.org.uk/search?cleared=1&st=5349&type=object","Showing 1–20 of 267 results"
"https://www.tate.org.uk/search?cleared=1&st=5355&type=object","Showing 6 results"
"https://www.tate.org.uk/search?cleared=1&st=5364&type=object","Showing 1–20 of 83 results"
"https://www.tate.org.uk/search?cleared=1&st=5391&type=object","Showing 6 results"
"https://www.tate.org.uk/search?cleared=1&st=5443&type=object","Showing 1–20 of 1,412 results"
"https://www.tate.org.uk/search?cleared=1&st=5448&type=object","Showing 1–20 of 52 results"
"https://www.tate.org.uk/search?cleared=1&st=5587&type=object","Showing 1–20 of 292 results"
"https://www.tate.org.uk/search?cleared=1&st=5719&type=object","Showing 1–20 of 64 results"
"https://www.tate.org.uk/search?cleared=1&st=5734&type=object","Showing 1–20 of 37 results"
"https://www.tate.org.uk/search?cleared=1&st=5741&type=object","Showing 1–20 of 103 results"
"https://www.tate.org.uk/search?cleared=1&st=5743&type=object","Showing 1–20 of 62 results"
"https://www.tate.org.uk/search?cleared=1&st=5746&type=object","Showing 15 results"
"https://www.tate.org.uk/search?cleared=1&st=5748&type=object","Showing 1–20 of 34 results"
"https://www.tate.org.uk/search?cleared=1&st=5750&type=object","Showing 1–20 of 66 results"
"https://www.tate.org.uk/search?cleared=1&st=5752&type=object","Showing 1–20 of 24 results"
"https://www.tate.org.uk/search?cleared=1&st=5876&type=object","Showing 1–20 of 29 results"
"https://www.tate.org.uk/search?cleared=1&st=5930&type=object","Showing 1–20 of 188 results"
"https://www.tate.org.uk/search?cleared=1&st=6006&type=object","Showing 1–20 of 25 results"
"https://www.tate.org.uk/search?cleared=1&st=6124&type=object","Showing 1–20 of 84 results"
"https://www.tate.org.uk/search?cleared=1&st=6191&type=object","Showing 1–20 of 71 results"
"https://www.tate.org.uk/search?cleared=1&st=6274&type=object","Showing 18 results"
"https://www.tate.org.uk/search?cleared=1&st=6353&type=object","Showing 9 results"
"https://www.tate.org.uk/search?cleared=1&st=6709&type=object","Showing 6 results"
"https://www.tate.org.uk/search?cleared=1&st=6725&type=object","Showing 1–20 of 39 results"
"https://www.tate.org.uk/search?cleared=1&st=6727&type=object","Showing 19 results"
"https://www.tate.org.uk/search?cleared=1&st=6728&type=object","Showing 1–20 of 190 results"
"https://www.tate.org.uk/search?cleared=1&st=6730&type=object","Showing 1–20 of 394 results"
"https://www.tate.org.uk/search?cleared=1&st=6738&type=object","Showing 1–20 of 49 results"
"https://www.tate.org.uk/search?cleared=1&st=6764&type=object","Showing 1–20 of 52 results"
"https://www.tate.org.uk/search?cleared=1&st=6766&type=object","Showing 12 results"
"https://www.tate.org.uk/search?cleared=1&st=6767&type=object","Showing 1–20 of 1,330 results"
"https://www.tate.org.uk/search?cleared=1&st=6780&type=object","Showing 1–20 of 61 results"
"https://www.tate.org.uk/search?cleared=1&st=6782&type=object","Showing 1–20 of 29 results"
"https://www.tate.org.uk/search?cleared=1&st=6787&type=object","Showing 1–20 of 56 results"
"https://www.tate.org.uk/search?cleared=1&st=6852&type=object","Showing 1–20 of 362 results"
"https://www.tate.org.uk/search?cleared=1&st=6921&type=object","Showing 1–20 of 72 results"
"https://www.tate.org.uk/search?cleared=1&st=6923&type=object","Showing 1 result"
"https://www.tate.org.uk/search?cleared=1&st=6930&type=object","Showing 1–20 of 148 results"
"https://www.tate.org.uk/search?cleared=1&st=7046&type=object","Showing 1–20 of 49 results"
"https://www.tate.org.uk/search?cleared=1&st=7076&type=object","Showing 1–20 of 39 results"
"https://www.tate.org.uk/search?cleared=1&st=7913&type=object","Showing 1–20 of 2,014 results"
"https://www.tate.org.uk/search?cleared=1&st=8598&type=object","Showing 19 results"
"https://www.tate.org.uk/search?cleared=1&st=8806&type=object","Showing 1–20 of 187 results"
"https://www.tate.org.uk/search?cleared=1&st=8954&type=object","Showing 10 results"
"https://www.tate.org.uk/search?cleared=1&st=8979&type=object","Showing 1 result"
"https://www.tate.org.uk/search?cleared=1&st=9592&type=object","Showing 1–20 of 28 results"
"https://www.tate.org.uk/search?cleared=1&st=9661&type=object","Showing 16 results"
"https://www.tate.org.uk/search?cleared=1&st=10217&type=object","Showing 1–20 of 45 results"
"https://www.tate.org.uk/search?cleared=1&st=10522&type=object","Showing 1–20 of 36 results"
"https://www.tate.org.uk/search?cleared=1&st=10932&type=object","Showing 11 results"
"https://www.tate.org.uk/search?cleared=1&st=11205&type=object","Showing 1–20 of 176 results"
"https://www.tate.org.uk/search?cleared=1&st=11716&type=object","Showing 1–20 of 70 results"
"https://www.tate.org.uk/search?cleared=1&st=12443&type=object","Showing 1–20 of 148 results"
"https://www.tate.org.uk/search?cleared=1&st=12609&type=object","Showing 1–20 of 60 results"
"https://www.tate.org.uk/search?cleared=1&st=12833&type=object","Showing 1–20 of 7,931 results"
"https://www.tate.org.uk/search?cleared=1&st=12971&type=object","Showing 1–20 of 27 results"
"https://www.tate.org.uk/search?cleared=1&st=12977&type=object","Showing 1–20 of 166 results"
"https://www.tate.org.uk/search?cleared=1&st=13022&type=object","Showing 1–20 of 84 results"
"https://www.tate.org.uk/search?cleared=1&st=13544&type=object","Showing 10 results"
"https://www.tate.org.uk/search?cleared=1&st=13553&type=object","Showing 1–20 of 66 results"
"https://www.tate.org.uk/search?cleared=1&st=15454&type=object","Showing 2 results"
"https://www.tate.org.uk/search?cleared=1&st=15740&type=object","Showing 1–20 of 153 results"
"https://www.tate.org.uk/search?cleared=1&st=15753&type=object","Showing 1–20 of 135 results"
"https://www.tate.org.uk/search?cleared=1&st=15754&type=object","Showing 18 results"
"https://www.tate.org.uk/search?cleared=1&st=15834&type=object","Showing 1 result"
"https://www.tate.org.uk/search?cleared=1&st=15862&type=object","Showing 2 results"
"https://www.tate.org.uk/search?cleared=1&st=15936&type=object","Showing 9 results"
"https://www.tate.org.uk/search?cleared=1&st=16166&type=object","Showing 16 results"
"https://www.tate.org.uk/search?cleared=1&st=16236&type=object","Showing 1–20 of 20 results"
"https://www.tate.org.uk/search?cleared=1&st=16446&type=object","Showing 1–20 of 36 results"
"https://www.tate.org.uk/search?cleared=1&st=16927&type=object","Showing 1–20 of 88 results"
"https://www.tate.org.uk/search?cleared=1&st=17199&type=object","Showing 12 results"
"https://www.tate.org.uk/search?cleared=1&st=17248&type=object","Showing 1–20 of 30 results"
"https://www.tate.org.uk/search?cleared=1&st=17309&type=object",""
"https://www.tate.org.uk/search?cleared=1&st=17838&type=object","Showing 1–20 of 161 results"
"https://www.tate.org.uk/search?cleared=1&st=17953&type=object","Showing 8 results"
"https://www.tate.org.uk/search?cleared=1&st=17956&type=object","Showing 1–20 of 254 results"
"https://www.tate.org.uk/search?cleared=1&st=18016&type=object","Showing 10 results"
"https://www.tate.org.uk/search?cleared=1&st=18096&type=object","Showing 5 results"
"https://www.tate.org.uk/search?cleared=1&st=18245&type=object","Showing 1–20 of 64 results"
"https://www.tate.org.uk/search?cleared=1&st=18270&type=object","Showing 1–20 of 298 results"
"https://www.tate.org.uk/search?cleared=1&st=18481&type=object","Showing 1–20 of 24 results"
"https://www.tate.org.uk/search?cleared=1&st=21388&type=object","Showing 10 results"
"https://www.tate.org.uk/search?cleared=1&st=21821&type=object","Showing 11 results"